cores,time,seed,grid_size,days
4,27.50802180000005,42,1000,365
2,29.350533299999825,42,1000,365
6,27.832745599999726,42,1000,365
8,30.345285100000183,42,1000,365
